{"cameraMode":{"drawMode":0,"name":"Shaded","section":"Shading Mode"},"sceneLighting":true,"audioPlay":false,"sceneViewState":{"m_AlwaysRefresh":true,"showFog":true,"showSkybox":true,"showFlares":true,"showImageEffects":true,"showParticleSystems":true,"showVisualEffectGraphs":true,"m_FxEnabled":true},"in2DMode":false,"pivot":{"x":14.679464340209961,"y":3.824249029159546,"z":3.5729527473449709},"rotation":{"x":-0.09466634690761566,"y":-0.006872435100376606,"z":0.0006521735922433436,"w":-0.9954900741577148},"size":7.005115032196045,"orthographic":false}